3.6,65,810,21000,1060,45000,4.95,65,740,21000,1118,45000,0.53,10.5,,60,0.42,10.5,,60,3.17,56,2.39,56
5.8,60,783,21000,1244,44000,3.2,60,781,21000,1262,44000,0.54,10.5,,60,0.42,10.5,,60,3.07,56,3.39,56
3.8,65,789,21500,1348,44500,5.2,65,911,21500,1394,44500,0.28,11.5,,60,0.79,11.5,,60,3.9,56,3.12,56
2.6,65,495,21500,617,45500,2.35,65,601,21500,811,45500,0.08,11.6,,60,0.77,11.6,,60,1.89,58,2,58
2.65,64.5,648,21000,577,45500,2.52,64.5,634,21000,749,45500,0.06,11.4,,60,0.97,11.4,,60,1.92,57,2.18,57
2.8,64,545,21500,656,46500,2.65,64,626,21500,691,46500,0.06,11.5,,60,0.88,11.5,,60,2.27,58,2.06,58
2.63,63.5,614,21250,820,46000,2.77,63.5,504,21250,832,46000,0.1,11.6,,60,0.87,11.6,,60,2.63,58,2.14,58
2.97,61.5,548,21500,955,46000,2.7,61.5,598,21500,1032,46000,0.1,11.8,,60,0.91,11.8,,60,2.18,59,2.37,59
3.3,65,533,21500,965,45000,3.3,65,591,21500,743,45000,0.11,11.8,,60,0.87,11.8,,60,2.64,58,2.43,58
3.9,66,514,21500,810,45500,3.45,66,631,21500,791,45500,0.1,12,,60,1,12,,60,2.6,59,2.47,59
2.72,59,698,21250,813,45500,2.57,59,798,21250,1056,45500,0.1,11.8,,60,0.97,11.8,,60,2.83,58,2.56,58
3.25,60,691,21500,773,47000,2.25,60,578,21500,605,47000,0.19,12,,62,0.85,12,,62,2.35,62,2.7,62
3.25,60,690,21750,748,48000,2.55,60,569,21750,598,48000,0.26,12,,63,0.77,12,,63,2.28,64,2.94,64
3.8,60,810,21750,830,49000,2.27,60,722,21750,987,49000,0.27,12,,65,0.75,12,,65,3.01,64,2.35,64
4.4,60,841,21750,1120,49000,1.97,60,747,21750,1043,49000,0.15,12.5,,65,1.15,12.5,,65,3.13,64,2.33,64
2.1,65,616,21500,1209,48000,4.4,65,691,21500,1375,48000,0.2,12,,63,0.94,12,,63,3.57,62,2.56,62
4.35,60,684,20750,1548,47500,2.47,60,600,20750,1423,47500,0.26,11.5,,63,0.8,11.5,,63,3.57,62,2.77,62
4.1,60,628,21000,1450,47500,3.02,60,738,21000,1662,47500,0.28,11.5,,63,0.78,11.5,,63,3.48,62,2.92,62
2.82,65,677,20500,1411,47500,5.18,65,651,20500,1473,47500,0.2,11.5,,62,0.96,11.5,,62,3.63,62,3.38,62
4.5,60,889,20500,1805,47500,3.3,60,807,20500,1580,47500,0.17,11.5,,62,1.04,11.5,,62,3.48,62,3.53,62
3.9,65,726,21000,1871,48500,4.6,65,821,21000,1871,48500,0.27,11.5,,63,0.89,11.5,,63,2.94,64,3.63,64
3.9,65,798,20750,2097,48500,4.6,65,694,20750,1897,48500,0.27,11.5,,64,0.89,11.5,,64,3.68,64,3.57,64
4.6,65,768,20750,1928,48500,4.04,65,818,20750,1997,48500,0.25,11.5,,64,0.98,11.5,,64,3.64,64,3.76,64
3.45,70,752,21000,2046,49000,5.95,70,698,21000,1998,49000,0.2,12,,64,1.19,12,,64,3.73,64,3.68,64
3.7,70,771,21500,1759,50000,5.7,70,747,21500,1959,50000,0.18,12.5,,67,1.21,12.5,,67,3.15,68,4.08,68
3.1,68,477,22750,937,50000,2.83,68,583,22750,1124,50000,0.3,12.2,,68,0.42,12.2,,68,2.76,68,2.35,68
2.8,65,673,22500,1222,51000,2.5,65,556,22500,1304,51000,0.3,12.2,,68,0.42,12.2,,68,2.76,68,2.35,68
2.55,64.5,633,22750,1449,52000,2.47,64.5,635,22750,1557,52000,0.37,12,,69,0.35,12,,69,2.4,69,2.55,69
2.52,65.5,590,22750,1097,53000,2.6,65.5,575,22750,1317,53000,0.36,12,,70,0.39,12,,70,2.39,70,2.69,70
2.72,66.5,573,22750,1389,52500,2.17,66.5,550,22750,1568,52500,0.43,12,,69,0.4,12,,69,2.82,69,2.46,69
2.25,65.5,577,23250,1306,52000,2.55,65.5,665,23250,1290,52000,0.41,12.4,,70,0.43,12.4,,70,2.45,70,2.89,70
1.9,63.5,615,23250,1475,51000,3.3,63.5,711,23250,1466,51000,0.37,12.4,,68,0.54,12.4,,68,2.88,68,2.75,68
2,65,754,23750,1568,53000,3.35,65,694,23750,1528,53000,0.4,12.5,,69,0.52,12.5,,69,2.58,70,3.46,70
4,60,754,23750,1568,53000,1.65,60,694,23750,1528,53000,0.52,13,,72,0.41,13,,72,2.96,72,3.07,72
3.44,60,754,23750,1568,53000,2.15,60,694,23750,1528,53000,0.39,13,,72,0.54,13,,72,3.13,72,3.09,72
3.18,60,754,24000,1568,53000,2.46,60,694,24000,1528,53000,0.42,13,,72,0.54,13,,72,2.95,72,3.3,72
2.9,60,754,24000,1568,53000,2.9,60,694,24000,1528,53000,0.58,13,,72,0.48,13,,72,3.41,72,3.05,72
2.72,60,706,24250,1612,53000,3.25,60,649,24250,1370,53000,0.64,13,,73,0.43,13,,73,3.6,72,3.06,72
2,60,706,24250,1612,53000,3.95,60,649,24250,1370,53000,0.58,13,,72,0.48,13,,72,3.4,72,3.36,72
4,55,706,23500,1612,52000,2.05,55,649,23500,1370,52000,0.74,12.5,,71,0.38,12.5,,71,2.87,72,3.39,72
4,55,669,22750,1457,51500,1.85,55,757,22750,1671,51500,0.65,12,,69,0.4,12,,69,2.34,70,2.96,70
2.45,60,793,22750,1329,51500,3.52,60,734,22750,1505,51500,0.43,12.5,,69,0.63,12.5,,69,2.48,70,3.02,70
2.94,60,721,22500,1530,51500,2.97,60,687,22500,1592,51500,0.39,12.5,,70,0.68,12.5,,70,3.04,70,3.33,70
3,60,767,22750,1698,52000,3.2,60,786,22750,1922,52000,0.51,12.5,,71,0.55,12.5,,71,3.59,70,2.79,70
2.4,60,771,22750,1732,50500,3.65,60,718,22750,1727,50500,0.36,12.5,,68,0.53,12.5,,68,3.39,68,3.13,68
2.45,60,788,22750,1650,51000,3.8,60,744,22750,1822,51000,0.36,12.5,,69,0.55,12.5,,69,3.65,68,2.97,68
1.9,57.5,390,22250,989,51000,2.05,57.5,396,22250,1019,51000,0.34,12,,68,0.35,12,,68,2.1,68,2.11,68
2.22,57,403,22000,1096,52000,1.92,57,417,22000,900,52000,0.34,11.8,,69,0.35,11.8,,69,2.1,69,2.11,69
2.15,57.5,403,22000,1096,52000,2.1,57.5,417,22000,900,52000,0.37,12,,72,0.33,12,,72,1.94,72,2.33,72
2.27,57,461,21750,1073,50500,2.23,57,492,21750,933,50500,0.41,11.8,,69,0.32,11.8,,69,2.49,69,1.99,69
2.65,58,457,21750,951,50500,2.63,58,524,21750,1021,50500,0.37,12,,70,0.36,12,,70,2.24,70,2.23,70
2.8,56,512,21750,1359,50000,2.5,56,524,21750,1326,50000,0.4,12,,69,0.37,12,,69,2.38,69,2.37,69
2.85,56,580,21750,956,50500,2.67,56,635,21750,1111,50500,0.49,12,,70,0.3,12,,70,2.4,70,2.4,70
2.85,56.5,580,21750,956,50500,2.75,56.5,635,21750,1111,50500,0.4,12.2,,70,0.4,12.2,,70,2.71,70,2.19,70
2.9,56,580,21250,956,50000,2.75,56,635,21250,1111,50000,0.44,12.2,,70,0.4,12.2,,70,2.66,70,2.32,70
2.92,56,580,21250,956,50000,2.8,56,635,21250,1111,50000,0.36,12,,69,0.53,12,,69,2.81,69,2.9,69
2.9,55,580,21250,956,50000,3.1,55,635,21250,1111,50000,0.58,11.5,,69,0.39,11.5,,69,3.54,68,2.62,68
2.42,55,861,21250,1341,50000,3.95,55,813,21250,1423,50000,0.44,12,,69,0.58,12,,69,2.75,70,3.29,70
3.1,55,861,21000,1341,49000,3.2,55,813,21000,1423,49000,0.44,12,,69,0.58,12,,69,2.77,70,3.35,70
2.32,55,861,21000,1341,49000,3.9,55,813,21000,1423,49000,0.4,12,,68,0.65,12,,68,3.33,68,3.17,68
4.1,50,910,21250,1451,51000,2.22,50,958,21250,1509,51000,0.75,11.5,,70,0.38,11.5,,70,3.25,70,3.07,70
3.9,50,910,21250,1451,51000,2.42,50,958,21250,1509,51000,0.5,12,,72,0.58,12,,72,3.01,72,3.39,72
3.9,50,910,21000,1451,51000,2.47,50,958,21000,1509,51000,0.71,11.5,,71,0.48,11.5,,71,2.95,72,3.61,72
3.1,50,910,21250,1451,51500,2.92,50,958,21250,1509,51500,0.43,12,,76,0.69,12,,76,1.52,76,5.48,76
3,50,910,21250,1451,51500,3,50,958,21250,1509,51500,0.78,11.5,,77,0.42,11.5,,77,1.68,76,5.19,76
3.35,50,910,21250,1451,51500,2.9,50,958,21250,1509,51500,0.56,12,,77,0.57,12,,77,1.73,76,5.27,76
3.4,50,910,21250,1451,51500,3.05,50,958,21250,1509,51500,0.54,12,,76,0.64,12,,76,1.52,76,5.95,76
3.4,50,895,21250,1425,51500,3.05,50,989,21250,1610,51500,0.54,12,,77,0.64,12,,77,1.79,76,6.04,76
3.5,49,607,20500,699,50500,2.97,49,579,20500,639,50500,0.59,11.5,,75,0.62,11.5,,75,1.45,76,6.92,76
1.6,50,607,20500,699,50500,1.7,50,579,20500,639,50500,0.36,11.4,,74,0.38,11.4,,74,0.72,74,4.75,74
2.05,49,593,20750,737,50500,1.75,49,627,20750,694,50500,0.37,11.6,,75,0.37,11.6,,75,0.87,75,4.82,75
2.11,49,627,20500,919,50500,2,49,658,20500,811,50500,0.41,11.6,,76,0.45,11.6,,76,0.67,76,5.01,76
2.25,50,639,20750,979,51000,1.85,50,699,20750,871,51000,0.42,11.8,,78,0.41,11.8,,78,0.57,78,5.26,78
2.25,50,677,21000,770,52500,2.07,50,678,21000,1009,52500,0.41,11.8,,76,0.46,11.8,,76,1.06,76,4.84,76
2,49,677,21000,770,52500,2,49,678,21000,1009,52500,0.48,12,,80,0.4,12,,80,0.96,80,4.95,80
1.76,47,726,20750,1182,52000,1.88,47,659,20750,991,52000,0.48,11.8,,79,0.44,11.8,,79,0.92,79,5.06,79
1.65,46,712,20750,1289,52000,2,46,643,20750,1088,52000,0.38,12,,78,0.6,12,,78,1.4,78,4.58,78
1.75,45,705,20750,1257,51500,2.17,45,765,20750,1111,51500,0.6,11.5,,77,0.44,11.5,,77,1.28,78,5.79,78
2,44,781,21000,1286,51500,2.13,44,747,21000,1139,51500,0.5,12,,76,0.66,12,,76,1.78,76,5.01,76
1.75,44,956,21000,1709,52000,2.32,44,901,21000,1750,52000,0.53,12,,78,0.65,12,,78,1.51,78,5.53,78
2.1,43,987,21000,1715,50500,2.22,43,1019,21000,1625,50500,0.54,12,,75,0.78,12,,75,1.52,76,5.85,76
2.27,42,770,21000,1553,51000,2.1,42,743,21000,1483,51000,0.67,12,,76,0.71,12,,76,1.9,76,5.47,76
2.55,40,770,21000,1553,51000,2.15,40,743,21000,1483,51000,0.92,11.5,,76,0.54,11.5,,76,1.92,76,5.1,76
2.32,42,853,21500,1659,51000,2.07,42,838,21500,1459,51000,0.61,12.5,,77,0.79,12.5,,77,1.57,78,5.74,78
2.22,42,857,22000,1498,52000,2.2,42,934,22000,1619,52000,0.79,12.5,,79,0.65,12.5,,79,2.04,78,5.01,78
2.5,42,867,22250,1658,52000,2.07,42,908,22250,1557,52000,0.64,13,,79,0.77,13,,79,2.06,78,5.14,78
2.2,42,920,22250,1497,53000,2.05,42,999,22250,1597,53000,0.6,13,,80,0.75,13,,80,1.97,80,5.46,80
2.45,41,833,21500,1647,52500,2.08,41,824,21500,1640,52500,0.58,12.5,,79,0.78,12.5,,79,2.48,78,5.55,78
2.65,41,874,22500,1855,53000,2.05,41,995,22500,1622,53000,0.64,13,,81,0.73,13,,81,2.5,80,5.52,80
2.4,41,930,21500,1647,52000,2.35,41,1039,21500,1895,52000,0.56,12.5,,78,0.83,12.5,,78,2.44,78,5.81,78
2.1,41,730,20500,1737,51500,2.25,41,641,20500,1786,51500,0.51,12,,77,0.85,12,,77,2.85,76,5.53,76
1.65,40,557,20000,1579,52500,1.42,40,452,20000,1337,52500,0.4,11.4,,74,0.5,11.4,,74,3.18,74,2.93,74
1.77,40.5,547,20500,1624,54000,1.52,40.5,530,20500,1429,54000,0.47,11.6,,76,0.39,11.6,,76,3.45,76,2.93,76
1.78,40.5,568,19750,1556,53500,1.6,40.5,455,19750,1422,53500,0.42,11.2,,75,0.46,11.2,,75,3.27,75,3.35,75
1.6,40.5,515,19500,1829,55000,1.75,40.5,549,19500,1893,55000,0.52,10.8,,77,0.38,10.8,,77,3.45,77,3.17,77
1.95,40,495,19250,1705,54500,1.67,40,573,19250,1877,54500,0.46,10.5,,74,0.49,10.5,,74,3.7,74,3.48,74
1.95,40,557,19000,1724,53500,1.67,40,602,19000,1754,53500,0.46,10.5,,74,0.49,10.5,,74,3.7,74,3.48,74
1.67,41,621,19250,1764,53000,2.05,41,564,19250,1610,53000,0.51,10.8,,74,0.47,10.8,,74,3.87,74,3.55,74
2.1,41,626,19500,1903,54500,1.77,41,711,19500,1717,54500,0.54,10.8,,76,0.46,10.8,,76,4.02,76,3.53,76
1.85,41,684,19000,1501,53000,2.07,41,770,19000,1579,53000,0.51,10.4,,73,0.51,10.4,,73,3.78,73,4.08,73
1.97,41,812,18750,1642,52000,2,41,691,18750,1720,52000,0.46,10.4,,71,0.57,10.4,,71,4.12,71,3.91,71
1.9,39,754,18500,1924,49500,2.2,39,782,18500,2113,49500,0.54,10,,67,0.55,10,,67,4.61,66,3.95,66
2.15,39,775,18500,1650,49000,2.32,39,822,18500,1786,49000,0.51,10,,66,0.59,10,,66,4.15,66,4.38,66
2.15,39,763,18750,1942,48500,2.5,39,704,18750,1922,48500,0.62,10,,65,0.5,10,,65,4.03,66,4.68,66
2.3,40,722,19250,2213,49500,2.3,40,746,19250,2214,49500,0.53,10.5,,67,0.58,10.5,,67,4.1,68,4.67,68
2.13,40,930,19500,2229,49000,1.9,40,810,19500,2397,49000,0.45,10.5,,66,0.68,10.5,,66,4.74,66,4.71,66
1.97,41,930,19500,2229,49000,2.22,41,810,19500,2397,49000,0.67,10.5,,66,0.63,10.5,,66,4.85,66,5.07,66
2.4,40,930,19500,2229,49000,2.02,40,810,19500,2397,49000,0.67,10.5,,66,0.63,10.5,,66,4.85,66,5.07,66
2,39,882,19750,2355,49000,2.42,39,925,19750,2214,49000,0.63,10.5,,66,0.67,10.5,,66,4.75,66,5.19,66
2.47,38,936,19500,2378,50000,2.02,38,885,19500,2227,50000,0.67,10.5,,67,0.66,10.5,,67,4.8,68,5.36,68
2.3,38,919,19500,2473,49000,2.32,38,950,19500,2522,49000,0.53,10.5,,65,0.81,10.5,,65,5.64,64,5.06,64
2.6,37,531,19750,1465,49000,2.2,37,486,19750,1713,49000,0.45,10,,65,0.32,10,,65,2.9,65,2.38,65
1.32,38,531,19750,1465,49000,1.6,38,486,19750,1713,49000,0.45,10.5,,65,0.32,10.5,,65,2.9,65,2.38,65
1.47,39.5,530,19750,1766,49500,1.3,39.5,636,19750,1811,49500,0.33,10.8,,67,0.42,10.8,,67,3.96,67,3.92,67
1.65,37.5,577,19500,2196,48000,1.55,37.5,676,19500,2353,48000,0.4,10.4,,64,0.4,10.4,,64,4.12,64,4.18,64
1.75,37,662,19000,1783,47000,2.05,37,656,19000,1655,47000,0.45,10.2,,63,0.54,10.2,,63,4.04,63,4.33,63
1.87,36,838,19000,2163,48000,1.92,36,862,19000,2363,48000,0.48,10.2,,63,0.6,10.2,,63,4.8,63,4.46,63
2.1,35,901,19250,2724,50000,1.85,35,897,19250,2854,50000,0.7,10,,66,0.44,10,,66,4.55,66,4.15,66
2.03,35,942,19000,2303,48500,2.05,35,832,19000,2535,48500,0.53,10,,63,0.6,10,,63,4.41,63,4.32,63
2.13,34,931,18750,1952,45500,2.1,34,939,18750,2162,45500,0.58,9.6,,58,0.57,9.6,,58,4.54,58,4.16,58
2.38,35,820,19250,1025,46500,1.9,35,747,19250,815,46500,0.75,9.8,,60,0.45,9.8,,60,3.69,60,3.31,60
1.92,37,820,19250,1025,46500,2.1,37,747,19250,815,46500,0.28,10.5,,62,0.93,10.5,,62,3.77,62,3.39,62
2,35,781,19000,1026,46000,1.95,35,785,19000,932,46000,0.41,10,,61,0.82,10,,61,3.43,62,3.88,62
2.05,35,779,18750,1724,45500,2.15,35,762,18750,1747,45500,0.33,10,,60,0.95,10,,60,3.69,60,3.83,60
2.17,37,748,19750,2478,49000,2.27,37,729,19750,2555,49000,0.47,10.5,,66,0.7,10.5,,66,3.75,66,3.39,66
1.8,37,989,20000,3245,51000,2.4,37,1075,20000,3157,51000,0.62,11,,70,0.62,11,,70,3.92,70,3.42,70
2.57,36,1124,20250,3600,52000,2.25,36,1020,20250,3743,52000,0.62,10.5,,70,0.62,10.5,,70,3.92,70,3.42,70
2.57,36,1183,20500,3218,52500,2.25,36,1265,20500,3207,52500,0.62,10.5,,70,0.62,10.5,,70,3.92,70,3.42,70
2,36,1474,20000,3444,51500,2.4,36,1366,20000,3464,51500,0.38,10.5,,67,0.87,10.5,,67,3.37,68,4.24,68
2.65,34,1520,19750,3373,51500,2.1,34,1420,19750,3536,51500,0.37,10.5,,67,0.89,10.5,,67,4.57,66,3.52,66
2.2,34,1454,19250,3871,52000,2.25,34,1452,19250,3816,52000,0.56,10,,67,1.1,10,,67,3.64,68,4.2,68
2.7,32,1711,18750,4289,52500,2.35,32,1733,18750,4172,52500,0.65,9.5,,67,1.03,9.5,,67,4.63,68,5.12,68
2.52,33,1772,18750,4349,50500,2.9,33,1804,18750,4173,50500,0.73,9.5,,64,1.22,9.5,,64,4.51,64,4.45,64
3,32,1533,17000,4011,47500,2.55,32,1495,17000,4248,47500,0.86,9,,59,1.06,9,,59,4.6,60,5.39,60
1.85,34,741,17250,2028,47500,1.67,34,756,17250,2198,47500,0.71,9.4,,60,0.57,9.4,,60,3.62,60,3.58,60
2.47,34,1044,16750,2626,45000,1.95,34,1000,16750,2717,45000,0.6,9.2,,55,0.71,9.2,,55,4.61,55,4.06,55
2.47,33,1055,16500,3424,45000,1.95,33,966,16500,3524,45000,0.7,9,,56,0.73,9,,56,4.93,56,4.44,56
2.57,35,1134,17500,2566,47500,2.6,35,1249,17500,2732,47500,0.79,9.8,,61,0.76,9.8,,61,4.39,61,3.94,61
2.25,33,1184,17250,2533,46000,2.67,33,1197,17250,2382,46000,0.76,9.5,,59,0.84,9.5,,59,4.05,59,4.48,59
1.65,32,1127,17750,2468,45500,2.07,32,1069,17750,2466,45500,0.88,9.8,,58,0.76,9.8,,58,4.16,58,4.54,58
2.3,29,1248,17000,2981,42500,1.6,29,1214,17000,3008,42500,0.7,9.4,,53,0.97,9.4,,53,5.21,52,4.79,52
3.27,30,1178,18000,3200,45500,3.02,30,1106,18000,3286,45500,1.28,9.5,,56,1.04,9.5,,56,5.38,56,5.37,56
2.65,31,1419,17500,3700,44000,2.92,31,1478,17500,3484,44000,1.1,10,,54,1.82,10,,54,6.19,54,6.44,54
3,29,1737,15750,4405,38500,3.32,29,1688,15750,4182,38500,1.48,8.5,,53,1.35,8.5,,53,4.4,50,7.62,50
3,32,1328,17250,3736,42500,3.5,32,1345,17250,3866,42500,1.52,10,,57,1.58,10,,57,5.75,58,6.21,58
3,31,2298,18750,4001,43000,3.2,31,2348,18750,3823,43000,1.74,10,,56,1.46,10,,56,6.07,56,5.99,56
3,34,1206,18750,3718,45500,3.1,34,1121,18750,3872,45500,0.98,11.5,,61,1.67,11.5,,61,5.79,60,4.74,60
3.8,32,1542,17000,3596,46000,2.8,32,1539,17000,3501,46000,1.26,9.5,,59,1.35,9.5,,59,5.78,58,4.9,58
2.97,36,976,18750,8657,49500,2.92,36,1039,18750,8456,49500,1.43,10.5,,68,1.17,10.5,,68,5,68,4.55,68
2.88,37,1423,19500,3226,51000,2.72,37,1465,19500,7625,51000,0.96,11.5,,65,1.45,11.5,,65,5.04,64,4.29,64
3.35,34,930,21250,2614,57000,2.9,34,1010,21250,2821,57000,0.72,11,,63,1.1,11,,63,0.5,72,9.44,72
2.6,40,930,21250,2614,57000,3.3,40,1010,21250,2821,57000,1.05,13,,81,1.09,13,,81,4.87,80,3.9,80
2.6,40,1008,22250,2383,59500,2.17,40,933,22250,2366,59500,1.23,13.5,,87,0.73,13.5,,87,3.54,88,4.03,88
2.42,41,777,22500,2307,60000,2.07,41,668,22500,2206,60000,0.8,14.5,,89,0.97,14.5,,89,3.4,90,3.81,90
2.42,40,726,22750,2181,59000,2.5,40,618,22750,2253,59000,1.17,14,,88,0.84,14,,88,3.87,88,3.8,88
2.38,41,1084,22250,2303,57000,2.52,41,1185,22250,2272,57000,0.95,14,,84,1.04,14,,84,4.22,84,4.44,84
2.13,40.5,625,23250,1596,56500,1.95,40.5,535,23250,1367,56500,0.67,14.2,,85,0.79,14.2,,85,3.04,86,3.84,86
1.9,40,589,24250,1733,60500,1.7,40,521,24250,1848,60500,0.52,14.8,,91,0.52,14.8,,91,2.75,91,2.66,91
1.72,41.5,493,25250,1302,63000,1.65,41.5,588,25250,1468,63000,0.59,15.2,,94,0.47,15.2,,94,2.93,95,2.37,95
1.73,40,484,24750,1207,62000,1.6,40,586,24750,1360,62000,0.69,14.8,,94,0.47,14.8,,94,2.6,94,2.2,94
1.7,42,516,25250,1152,65000,1.67,42,572,25250,1152,65000,0.66,15,,94,0.47,15,,94,3.1,94,1.99,94
1.5,45,516,25250,1152,65000,1.88,45,572,25250,1152,65000,0.39,16,,94,0.55,16,,94,2.13,102,2.49,102
1.4,47,599,25000,1290,65500,1.7,47,519,25000,1118,65500,0.49,15.5,,94,0.49,15.5,,94,1.97,102,2.73,102
1.77,46,581,25000,1673,65500,1.55,46,622,25000,1457,65500,0.4,16,,94,0.59,16,,94,2.79,102,2.05,102
2,45,581,25000,1673,64000,1.47,45,622,25000,1457,64000,0.55,15.5,,94,0.49,15.5,,94,2.54,100,2.4,100
1.62,47,631,25250,1360,65000,1.9,47,633,25250,1480,65000,0.45,16,,94,0.58,16,,94,3.43,100,1.78,100
1.62,47,794,25250,1438,65000,1.9,47,754,25250,1602,65000,0.5,16,,94,0.57,16,,94,3.22,100,2.06,100
2.15,49,794,25500,1438,65000,2.4,49,754,25500,1602,65000,0.61,16,,94,0.49,16,,94,4,100,1.63,100
2.12,49,794,25500,1438,65000,2.52,49,754,25500,1602,65000,0.66,16,,94,0.46,16,,94,4.03,100,1.72,100
2.69,48,770,25500,1470,64500,2.15,48,844,25500,1517,64500,0.68,16,,94,0.54,16,,94,3.32,100,3.14,100
2.42,48,770,25500,1470,64500,2.3,48,844,25500,1517,64500,0.53,16,,94,0.7,16,,94,3.95,98,2.78,98
2.75,48,872,25500,1730,65000,2.2,48,861,25500,1867,65000,0.65,16,,94,0.61,16,,94,4.21,100,2.76,100
2.63,48,966,25750,1598,66000,2.32,48,847,25750,1783,66000,0.71,16,,94,0.59,16,,94,2.57,105,4.31,105
2.72,48,966,25750,1598,66000,2.45,48,847,25750,1783,66000,0.63,16.5,,94,0.65,16.5,,94,3.08,105,3.81,105
2.55,48,966,25750,1598,65500,2.42,48,847,25750,1783,65500,0.61,16.5,,94,0.69,16.5,,94,2.74,105,4.47,105
2.4,46,966,25500,1598,66500,2.3,46,847,25500,1783,66500,0.71,16,,94,0.59,16,,94,2.74,105,4.56,105
1.63,45,528,25500,1281,66000,1.75,45,600,25500,1201,66000,0.47,16,,94,0.46,16,,94,2.39,102,2.29,102
1.72,46,628,26250,1218,67000,1.75,46,649,26250,1282,67000,0.44,16.4,,94,0.46,16.4,,94,2.04,102,2.53,102
1.9,46,628,26250,1218,67000,1.7,46,649,26250,1282,67000,0.42,16.8,,94,0.45,16.8,,94,2.45,105,1.84,105
1.88,45.5,628,26000,1218,67000,1.75,45.5,649,26000,1282,67000,0.44,16.6,,94,0.46,16.6,,94,2.42,106,2.05,106
1.88,44.5,699,25750,1324,66000,1.75,44.5,582,25750,1173,66000,0.44,16.4,,94,0.5,16.4,,94,2.43,104,2.31,104
1.82,45.5,684,26750,1204,67000,1.85,45.5,675,26750,1436,67000,0.38,17.2,,94,0.37,17.2,,94,2.47,106,1.53,106
1.75,45,708,26500,1360,66500,1.8,45,638,26500,1396,66500,0.3,17.2,,94,0.47,17.2,,94,1.93,106,1.63,106
1.77,45.5,687,27000,1322,67500,1.82,45.5,770,27000,1451,67500,0.53,17.2,,94,0.4,17.2,,94,1.48,108,2.17,108
1.83,45,707,27000,1202,67500,1.75,45,686,27000,1005,67500,0.46,17.4,,94,0.46,17.4,,94,2.31,108,1.4,108
2.15,45,618,27000,948,68000,1.65,45,700,27000,1173,68000,0.63,17.2,,94,0.38,17.2,,94,1.47,110,2.24,110
2.15,45,609,26500,1160,67500,1.65,45,601,26500,1160,67500,0.66,17,,94,0.39,17,,94,1.25,110,2.66,110
1.9,44,568,26000,1360,66500,1.7,44,606,26000,1283,66500,0.32,17,,94,0.46,17,,94,3.39,105,1.31,105
2,43,590,26000,1455,66000,1.7,43,701,26000,1404,66000,0.37,17,,94,0.41,17,,94,3.63,105,1.39,105
1.75,44,688,26250,1541,66000,2.12,44,712,26250,1626,66000,0.38,17,,94,0.41,17,,94,3.27,105,1.63,105
2.2,44,700,26500,1692,66000,1.77,44,739,26500,1715,66000,0.3,17.5,,94,0.5,17.5,,94,3.08,105,1.78,105
1.99,44,743,26000,1881,65500,1.92,44,705,26000,1692,65500,0.4,17,,94,0.42,17,,94,3.22,105,1.84,105
1.95,45,743,26000,1881,65000,2.25,45,705,26000,1692,65000,0.4,17,,94,0.43,17,,94,2.45,105,2.52,105
1.9,44,666,26250,1939,65500,2.02,44,744,26250,1769,65500,0.43,17,,94,0.43,17,,94,2.58,105,2.6,105
2.1,43,751,25500,1743,64500,1.85,43,630,25500,1969,64500,0.59,16.5,,94,0.34,16.5,,94,2.05,105,3.41,105
2.1,43,751,25500,1743,64500,1.9,43,630,25500,1969,64500,0.55,16.5,,94,0.38,16.5,,94,2.27,105,3.18,105
2.22,43,652,25750,1892,63500,1.85,43,654,25750,1900,63500,0.51,16.5,,94,0.44,16.5,,94,3.82,100,2.27,100
2.17,44,562,25750,1013,62500,2,44,529,25750,1192,62500,0.36,17,,94,0.59,17,,94,3.61,100,2.35,100
1,43.5,562,25750,1013,62500,0.97,43.5,529,25750,1192,62500,0.34,16.4,,94,0.29,16.4,,94,1.59,99,1.49,99
1,43.5,562,25750,1013,62500,0.97,43.5,529,25750,1192,62500,0.34,16.4,,94,0.29,16.4,,94,1.59,99,1.49,99
1,43.5,562,25750,1013,62500,1.05,43.5,529,25750,1192,62500,0.34,16.6,,94,0.29,16.6,,94,1.59,99,1.49,99
1.09,44,595,25500,1119,62500,1.13,44,536,25500,1349,62500,0.34,16.4,,94,0.31,16.4,,94,1.73,99,1.6,99
1.27,43.5,619,25000,1177,61500,0.97,43.5,506,25000,986,61500,0.4,16,,94,0.32,16,,94,2.23,98,2.13,98
1.25,43.5,616,25000,1237,61500,1,43.5,496,25000,1086,61500,0.4,16,,94,0.32,16.2,,94,2.23,98,2.13,98
1.25,43.5,548,25250,1324,61500,1,43.5,592,25250,1191,61500,0.4,16,,94,0.32,16.2,,94,2.23,98,2.13,98
1.25,43.5,491,25250,1314,61500,1.1,43.5,549,25250,1210,61500,0.4,16,,94,0.32,16,,94,2.23,97,2.13,98
1.3,43,553,24750,1352,61500,1.05,43,494,24750,1346,61500,0.37,16,,94,0.37,16,,94,1.86,98,2.21,98
1.15,43,566,24750,1328,61500,1.32,43,580,24750,1245,61500,0.3,16,,94,0.46,16,,94,1.5,98,2.05,98
1.25,42,572,25000,1473,61500,1.2,42,602,25000,1343,61500,0.56,15.5,,94,0.27,15.5,,94,0.79,100,3.32,100
1.3,42,546,24500,1366,61500,1.27,42,561,24500,1419,61500,0.42,15.5,,94,0.36,15.5,,94,0.84,100,3.23,100
1.3,43,689,24500,1310,61000,1.38,43,624,24500,1145,61000,0.4,15.5,,94,0.38,15.5,,94,0.72,100,4,100
1.52,43,699,24500,1293,61000,1.25,43,689,24500,1336,61000,0.4,15.5,,94,0.43,15.5,,94,1.05,98,3.44,98
1.35,42,663,24500,1461,60500,1.45,42,662,24500,1265,60500,0.43,15.5,,94,0.4,15.5,,94,1.05,98,3.59,98
1.67,41,627,24500,1469,60500,1.17,41,706,24500,1447,60500,0.32,15.5,,94,0.53,15.5,,94,0.83,96,3.45,96
1.75,40,576,24250,1370,60500,1.1,40,662,24250,1543,60500,0.42,15,,94,0.39,15,,94,0.71,96,3.8,96
1.62,40,730,24000,1598,61000,1.22,40,646,24000,1508,61000,0.36,15,,94,0.47,15,,94,1.29,96,2.83,96
1.8,40,537,24000,1568,61500,1.27,40,652,24000,1648,61500,0.39,15,,94,0.47,15,,94,0.92,98,3.48,98
1.65,40,627,23500,1720,60500,1.45,40,607,23500,1607,60500,0.51,14.5,,94,0.38,14.5,,94,1,96,3.42,96
1.9,40,671,23500,1549,60500,1.41,40,601,23500,1750,60500,0.44,14.5,,94,0.46,14.5,,94,0.94,96,3.99,96
1.6,41,744,23500,1721,60000,1.87,41,744,23500,1845,60000,0.38,14.5,,94,0.55,14.5,,94,1.27,94,3.36,94
1.9,41,656,23750,1868,61000,1.66,41,614,23750,1732,61000,0.5,14.5,,94,0.43,14.5,,94,1.08,96,3.56,96
1.43,41.5,391,23500,1199,60000,0.9,41.5,416,23500,1282,60000,0.33,14.6,,95,0.29,14.6,,95,0.67,95,2.69,95
1.35,41.5,399,23750,1314,60000,0.97,41.5,500,23750,1503,60000,0.27,14.8,,95,0.36,14.8,,95,0.72,95,2.69,95
1.35,41.5,455,23500,1202,59500,0.97,41.5,453,23500,1420,59500,0.27,14.8,,95,0.36,14.8,,95,0.63,95,3.33,95
1.2,41.5,532,23500,1160,59500,1.17,41.5,420,23500,1290,59500,0.41,14.6,,94,0.29,14.6,,94,0.8,94,3.15,94
1.32,41,472,24000,1558,59500,1.22,41,550,24000,1344,59500,0.28,15,,95,0.41,15,,95,0.73,95,3.27,95
1.32,40.5,500,24000,1156,60000,1.35,40.5,614,24000,1400,60000,0.34,15,,96,0.39,15,,96,0.78,96,3.41,96
1.45,40,638,23750,1329,59500,1.4,40,591,23750,1392,59500,0.37,15,,96,0.38,15,,96,0.77,96,3.5,96
1.47,40,597,24000,1319,59500,1.27,40,687,24000,1354,59500,0.46,14.8,,95,0.31,14.8,,95,1.22,95,3.26,95
1.3,39.5,653,24000,1496,59500,1.38,39.5,668,24000,1412,59500,0.39,15,,96,0.39,15,,96,1.02,96,3.79,96
1.6,40,726,23750,1605,59500,1.45,40,614,23750,1656,59500,0.39,15,,95,0.4,15,,95,0.96,96,4.11,96
1.3,36,634,24000,1500,60500,1.45,36,731,24000,1649,60500,0.51,15,,97,0.33,15,,97,1.79,96,3.09,96
1.18,35,634,24000,1404,59500,1.52,35,731,24000,1536,59500,0.45,15,,94,0.59,15,,94,1.58,94,3.49,94
1.32,34,661,24000,1671,59000,1.32,34,754,24000,1427,59000,0.46,15,,94,0.59,15,,94,1.65,94,3.53,94
1.32,34,693,24250,1417,59000,1.45,34,791,24250,1436,59000,0.42,15,,93,0.48,15,,93,1.27,94,4.27,94
1.57,34,759,24250,1548,59000,1.27,34,710,24250,1385,59000,0.56,15,,94,0.37,15,,94,1.5,94,3.8,94
1.63,34,735,24250,1739,59000,1.38,34,842,24250,1626,59000,0.56,15,,94,0.4,15,,94,1.74,94,3.6,94
1.55,34,789,24500,1828,60000,1.35,34,870,24500,1668,60000,0.66,15,,96,0.34,15,,96,1.63,96,3.88,96
1.57,34,829,24000,1780,60000,1.25,34,778,24000,1730,60000,0.51,15,,95,0.46,15,,95,1.36,96,4.45,96
1.25,35,954,24000,1679,58500,1.65,35,921,24000,1501,58500,0.57,15,,94,0.43,15,,94,1.94,94,3.68,94
1.67,34,854,23750,1888,59000,1.3,34,783,23750,1856,59000,0.42,15.5,,96,0.54,15.5,,96,1.61,96,4.18,96
1.42,34,854,23750,1888,59000,1.52,34,783,23750,1856,59000,0.48,15,,95,0.51,15,,95,2.08,94,3.7,94
0.85,33.5,501,23750,1043,58000,0.88,33.5,600,23750,1032,58000,0.19,14.8,,92,0.27,14.8,,92,2.03,92,2,92
0.95,33.5,521,24250,1091,57500,0.85,33.5,599,24250,1287,57500,0.22,15,,91,0.23,15,,91,2.19,91,1.91,91
1.05,33.5,536,24250,989,57000,0.88,33.5,625,24250,1068,57000,0.19,15.2,,90,0.27,15.2,,90,2.46,90,2.04,90
1.1,33.5,549,24000,1209,58000,0.95,33.5,612,24000,1176,58000,0.19,15,,92,0.3,15,,92,2.37,92,1.98,92
1,32.5,625,24250,961,60500,1.12,32.5,623,24250,1139,60500,0.23,15.2,,96,0.28,15.2,,96,2.43,96,2,96
1.4,32.5,630,24500,1277,60000,1.29,32.5,652,24500,1036,60000,0.33,15.2,,95,0.26,15.2,,95,2.51,95,2,95
1.35,32,527,24250,1183,58500,1.4,32,637,24250,1096,58500,0.25,15.2,,93,0.35,15.2,,93,2.52,93,2.21,93
1.41,32,582,24250,1169,57500,1.31,32,614,24250,1199,57500,0.31,15.2,,92,0.3,15.2,,92,2.37,92,2.37,92
1.4,33,592,23750,1368,56500,1.55,33,620,23750,1274,56500,0.4,14.8,,90,0.39,14.8,,90,2.63,90,2.35,90
1.2,30,643,23750,1330,56000,1.45,30,563,23750,1215,56000,0.29,15,,89,0.5,15,,89,2.13,90,2.96,90
1.6,30,635,23500,1336,56000,1.25,30,555,23500,1304,56000,0.48,14.5,,89,0.33,14.5,,89,3.26,88,2.12,88
1.57,30,644,23250,1341,56000,1.27,30,519,23250,1239,56000,0.41,14.5,,89,0.4,14.5,,89,3.14,88,2.28,88
1.27,31,630,23250,2082,56000,1.7,31,662,23250,2072,56000,0.45,14.5,,87,0.55,14.5,,87,3.12,86,1.97,86
1.75,30,590,23250,2080,54500,1.35,30,713,23250,2121,54500,0.41,14.5,,84,0.62,14.5,,84,2.79,84,2.32,84
1.75,30,680,23250,2003,54000,1.7,30,576,23250,1830,54000,0.52,14.5,,84,0.48,14.5,,84,3.02,84,2.36,84
1.5,36,605,23250,1772,53000,1.87,36,712,23250,1622,53000,0.66,14,,82,0.41,14,,82,2.86,82,2.56,82
1.63,36,629,23250,1774,53000,1.85,36,749,23250,1660,53000,0.62,14,,82,0.44,14,,82,2.66,82,2.87,82
2.02,35,654,23000,1261,53500,1.55,35,764,23000,1371,53500,0.49,14,,81,0.57,14,,81,2.64,82,3.05,82
1.91,35,736,23000,1236,54000,1.6,35,642,23000,1269,54000,0.56,14,,83,0.38,14,,83,3.34,82,2.5,82
2.07,35,659,22750,1194,53500,1.6,35,781,22750,1361,53500,0.47,14,,82,0.5,14,,82,3.3,82,2.71,82
1.82,35,745,22750,1350,54500,1.77,35,834,22750,1483,54500,0.44,14,,82,0.54,14,,82,3.67,82,2.55,82
1.88,34,745,22750,1350,54500,1.77,34,834,22750,1483,54500,0.45,14,,83,0.6,14,,83,3.67,82,2.55,82
1.77,35,818,23000,1731,55500,1.91,35,730,23000,1568,55500,0.55,14,,85,0.51,14,,85,3.7,84,2.86,84
1,35,511,23250,1217,54000,0.95,35,478,23250,1204,54000,0.33,14.2,,83,0.34,14.2,,83,1.9,83,2.07,83
0.93,35.5,511,23250,1217,54500,1.25,35.5,478,23250,1204,54500,0.45,14.2,,84,0.29,14.2,,84,2.49,84,1.89,84
1.22,36,492,23250,921,54000,0.97,36,561,23250,955,54000,0.34,14.4,,84,0.38,14.4,,84,2.05,84,2.36,84
1.13,36.5,492,23250,921,53500,1.05,36.5,561,23250,955,53500,0.36,14.4,,83,0.38,14.4,,83,2.23,83,2.32,83
1.17,36,612,23000,1158,53500,1.2,36,493,23000,1071,53500,0.37,14.4,,83,0.37,14.4,,83,2.52,83,2.1,83
1.2,36.5,649,23250,1236,54500,1.1,36.5,540,23250,1176,54500,0.46,14.5,,85,0.39,14.5,,85,2.4,85,2.27,85
1.2,36,643,23500,1041,54500,1.22,36,623,23500,1205,54500,0.53,14.5,,84,0.37,14.5,,84,2.64,84,2.3,84
1.6,37,645,24000,1084,54500,1.05,37,733,24000,1231,54500,0.4,15,,84,0.46,15,,84,3.08,84,2.48,84
1.6,37,677,24000,1347,54500,1.2,37,750,24000,1167,54500,0.37,15,,85,0.51,15,,85,3.26,84,2.41,84
1.3,38,729,24000,1523,54500,1.45,38,739,24000,1469,54500,0.37,15,,85,0.5,15,,85,3.25,84,2.5,84
1.45,38,701,24000,1922,55500,1.38,38,782,24000,1866,55500,0.46,15,,87,0.51,15,,87,2.79,86,2,86
1.37,38,721,23750,2399,53500,1.42,38,695,23750,2264,53500,0.41,15,,83,0.6,15,,83,2.12,84,2.57,84
1.3,38,751,23750,1955,54500,1.55,38,653,23750,2097,54500,0.65,14.5,,84,0.43,14.5,,84,2.35,84,2.38,84
1.35,38,731,24000,1210,55500,1.6,38,828,24000,1248,55500,0.62,14.5,,84,0.45,14.5,,84,2.77,84,2.2,84
1.87,37,876,23750,1116,55000,1.3,37,898,23750,1365,55000,0.54,14.5,,83,0.49,14.5,,83,2.3,84,2.68,84
2,37,764,23250,1304,55000,1.32,37,682,23250,1190,55000,0.4,14.5,,84,0.65,14.5,,84,2.42,84,2.63,84
1.63,38,729,23500,1266,55500,1.52,38,827,23500,1366,55500,0.75,14,,83,0.43,14,,83,2.67,84,2.53,84
1.8,38,746,23500,1305,55000,1.55,38,782,23500,1332,55000,0.73,14,,83,0.44,14,,83,2.23,84,2.96,84
1.8,38,727,23250,1365,54500,1.74,38,766,23250,1381,54500,0.57,14,,82,0.56,14,,82,3,82,2.53,82
1.9,37,634,23000,1559,54500,1.63,37,742,23000,1359,54500,0.78,13.5,,81,0.64,13.5,,81,3.47,80,2.26,80
1.05,37,660,23250,1623,55000,1.02,37,774,23250,1373,55000,0.47,13.8,,82,0.53,13.8,,82,2.7,82,2.26,82
1.05,37,585,56,1213,54000,1.02,37,553,22500,1306,54000,0.47,13.8,,80,0.53,13.8,,80,1.91,80,1.47,80
1.07,37,585,56,1277,53500,1.2,37,598,22250,1230,53500,0.53,13.5,,80,0.5,13.5,,80,1.72,80,1.64,80
1.4,36,585,56,1313,52000,1.12,36,587,22000,1089,52000,0.6,13.2,,78,0.48,13.2,,78,1.77,78,1.75,78
1.34,36.5,585,56,1049,51000,1.22,36.5,544,21750,1216,51000,0.46,13.2,,76,0.46,13.2,,76,1.84,76,1.74,76
1.38,36,585,56,1058,51500,1.2,36,589,22000,1123,51500,0.61,13.4,,78,0.43,13.4,,78,2.06,78,1.69,78
1.25,36,585,56,1088,52000,1.42,36,668,22250,1143,52000,0.61,13.4,,78,0.43,13.4,,78,2.06,78,1.69,78
1.35,36.5,585,56,1357,53000,1.3,36.5,555,22000,1328,53000,0.56,13.6,,80,0.47,13.6,,80,2,80,1.67,80
1.42,36.5,585,56,1693,53000,1.35,36.5,605,22000,1537,53000,0.51,13.5,,80,0.48,13.5,,80,2.05,80,1.63,80
1.5,36.5,585,56,1461,53500,1.4,36.5,621,21750,1486,53500,0.52,13.2,,80,0.5,13.2,,80,1.9,80,1.97,80
1.52,36.5,585,56,1691,52500,1.5,36.5,692,22000,1461,52500,0.56,13.2,,78,0.48,13.2,,78,2.2,78,1.77,78
1.95,36,585,56,1045,50500,1.38,36,694,21750,1237,50500,0.72,13,,75,0.49,13,,75,1.84,76,2.43,76
1.65,36,585,56,1111,50500,1.8,36,732,21750,938,50500,0.65,13,,76,0.5,13,,76,2.37,76,2.05,76
1.75,36,585,56,1258,51500,1.72,36,749,22000,1300,51500,0.53,13.5,,78,0.6,13.5,,78,2.07,78,2.3,78
1.47,38,585,56,1334,53000,1.9,38,716,22500,1227,53000,0.53,14,,81,0.58,14,,81,2.78,80,1.64,80
1.92,36,585,56,1279,53500,1.55,36,771,22500,1358,53500,0.46,14,,81,0.67,14,,81,1.72,82,2.51,82
1.8,37,585,56,1476,53000,1.7,37,749,22250,1611,53000,0.73,13.5,,80,0.49,13.5,,80,2.57,80,1.97,80
2.02,37,585,56,1296,53000,1.57,37,776,22500,1399,53000,0.61,14,,81,0.58,14,,81,2.81,80,1.81,80
1.67,37,585,56,1327,52000,2.1,37,858,22500,1226,52000,0.51,14,,79,0.68,14,,79,2.16,80,2.64,80
2.02,37,585,56,1174,52500,1.8,37,818,22750,1392,52500,0.66,14,,80,0.55,14,,80,2.5,80,2.37,80
2.11,36,585,56,1445,51500,1.7,36,879,22500,1351,51500,0.89,13.5,,79,0.43,13.5,,79,3.15,78,1.94,78
1.7,38,585,56,1590,51000,2.05,38,845,22250,1351,51000,0.41,14,,78,0.68,14,,78,2.6,78,2.25,78
2.05,38,585,56,1666,52000,1.67,38,981,23250,1558,52000,0.93,14,,81,0.32,14,,81,2.11,82,2.64,82
1.2,39,585,23500,859,52500,0.92,39,532,23500,730,52500,0.29,15,,82,0.33,15,,82,1.49,82,1.09,82
1.05,39,585,23750,859,51000,1.17,39,532,23750,730,51000,0.27,15.2,,80,0.38,15.2,,80,1.6,80,1.58,80
1.07,39.5,582,23500,891,51000,1.22,39.5,541,23500,761,51000,0.26,15,,80,0.34,15,,80,1.64,80,1.55,80
1.45,37,543,23500,985,51000,1.27,37,664,23500,839,51000,0.36,14.8,,80,0.29,14.8,,80,1.83,80,1.71,80
1.55,38.5,618,23500,943,51000,1.57,38.5,589,23500,966,51000,0.33,15,,80,0.32,15,,80,1.89,80,1.58,80
1.63,40,659,23250,929,51500,1.6,40,567,23250,915,51500,0.46,14.8,,81,0.33,14.8,,81,1.93,81,1.78,81
1.72,39.5,647,23500,1061,52000,1.57,39.5,612,23500,871,52000,0.4,15,,82,0.39,15,,82,1.96,82,1.77,82
1.7,39.5,584,23500,998,52000,1.57,39.5,700,23500,918,52000,0.41,15,,82,0.42,15,,82,2.02,82,1.86,82
1.8,39,713,23500,891,52500,1.65,39,603,23500,1037,52500,0.52,15,,83,0.4,15,,83,2.36,82,1.62,82
1.5,40,711,23750,1168,52000,1.88,40,648,23750,1058,52000,0.33,15.5,,82,0.6,15.5,,82,1.99,82,1.95,82
1.57,40,661,23750,1072,52500,1.92,40,652,23750,1292,52500,0.37,15.5,,82,0.6,15.5,,82,2.3,82,1.73,82
2.05,40,667,23750,2375,52000,1.65,40,670,23750,2169,52000,0.64,15,,82,0.37,15,,82,2.34,82,1.76,82
2.1,40,660,24000,2066,52000,1.55,40,734,24000,1844,52000,0.44,15.5,,82,0.54,15.5,,82,2.5,82,1.86,82
2.2,40,660,24500,1188,53000,1.7,40,715,24500,976,53000,0.41,15.5,,84,0.61,15.5,,84,2.08,84,2.33,84
1.95,40,660,24500,1188,53000,1.85,40,715,24500,976,53000,0.58,15.5,,84,0.46,15.5,,84,2.15,84,2.31,84
1.9,40,831,24750,2139,54000,2,40,770,24750,1890,54000,0.42,16,,85,0.62,16,,85,2.77,84,1.83,84
2.3,39,827,24750,2022,54500,1.72,39,892,24750,2185,54500,0.59,15.5,,84,0.47,15.5,,84,2.46,84,2.14,84
1.92,39,1005,24750,1148,53500,2.15,39,1069,24750,1241,53500,0.6,15.5,,84,0.48,15.5,,84,2.48,84,2.22,84
2.32,39,1005,24750,1148,53500,2.05,39,1069,24750,1241,53500,0.57,15.5,,85,0.54,15.5,,85,1.18,86,3.85,86
2.42,39,1005,24750,1551,53500,1.97,39,1069,24750,1395,53500,0.61,15.5,,86,0.62,15.5,,86,1.38,86,3.29,86
2.42,39,1166,24500,1575,52500,1.97,39,1139,24500,1651,52500,0.61,15.5,,84,0.62,15.5,,84,1.46,84,3.43,84
2.15,40,1539,24500,1356,53000,2.25,40,1537,24500,1583,53000,0.64,15.5,,85,0.59,15.5,,85,1.95,84,3.12,84
2.36,39,1225,24750,1618,53000,2,39,1292,24750,1647,53000,0.78,15.5,,85,0.49,15.5,,85,1.5,86,3.77,86
1.22,38,578,24250,957,52500,1.17,38,571,24250,1179,52500,0.52,15.2,,84,0.33,15.2,,84,1.03,84,2.5,84
1.17,39,599,24500,1045,53000,1.27,39,657,24500,1206,53000,0.41,15.5,,85,0.41,15.5,,85,1.08,85,2.5,85
1.38,37.5,655,24500,1101,53000,1.13,37.5,676,24500,1134,53000,0.42,15.5,,85,0.44,15.5,,85,1.06,85,2.79,85
1.42,37.5,699,24000,1021,52500,1.22,37.5,644,24000,1226,52500,0.48,15.2,,84,0.4,15.2,,84,1.14,84,2.71,84
1.37,39,685,24250,1235,52000,1.2,39,603,24250,1188,52000,0.46,15.5,,84,0.44,15.5,,84,1.03,84,2.99,84
1.4,39,690,24250,1528,52000,1.25,39,644,24250,1318,52000,0.33,15.5,,83,0.5,15.5,,83,0.85,84,3.67,84
1.75,39,796,24750,1435,52500,1.15,39,714,24750,1503,52500,0.34,16,,84,0.47,16,,84,1.1,84,2.94,84
1.47,39,680,24500,1154,52000,1.42,39,723,24500,1397,52000,0.34,15.5,,82,0.49,15.5,,82,1.17,82,2.91,82
1.45,39,801,24500,1241,51500,1.57,39,736,24500,1414,51500,0.4,15.5,,81,0.43,15.5,,81,1.1,82,3.33,82
1.85,38,801,24250,1241,51500,1.32,38,736,24250,1414,51500,0.51,15,,81,0.38,15,,81,1.67,80,2.61,80
1.62,38,701,24500,1232,51500,1.57,38,803,24500,1342,51500,0.58,15,,81,0.35,15,,81,1.75,80,2.69,80
1.63,39,799,24500,1288,51500,1.7,39,773,24500,1336,51500,0.57,15,,81,0.34,15,,81,1.73,80,2.76,80
1.88,38,964,24000,1552,51500,1.47,38,853,24000,1455,51500,0.46,15,,80,0.45,15,,80,1.38,80,3.34,80
1.92,38,964,24000,1552,51500,1.5,38,853,24000,1455,51500,0.19,15.5,,81,0.82,15.5,,81,1.91,80,2.68,80
1.75,38,919,24000,1634,51000,1.82,38,925,24000,1429,51000,0.1,16,,80,1.15,16,,80,2.2,78,2.78,78
1.97,37,835,24000,1606,50500,1.63,37,906,24000,1356,50500,0.22,15.5,,79,0.81,15.5,,79,2.2,78,2.78,78
1.85,37,886,23500,1635,51000,1.63,37,874,23500,1625,51000,0.12,15.5,,79,1.1,15.5,,79,2.29,78,2.87,78
2.02,36,870,23000,1583,50500,1.67,36,885,23000,1483,50500,0.18,15,,78,1,15,,78,1.94,78,3.37,78
2.02,36,718,22750,1516,51500,1.67,36,757,22750,1623,51500,0.15,15,,79,1.11,15,,79,1.63,80,3.81,80
2.17,35,519,22000,1179,52500,1.65,35,505,22000,1092,52500,0.21,15,,81,0.93,15,,81,2.18,80,3.14,80
1.24,36,519,22000,1179,52500,1.2,36,505,22000,1092,52500,0.1,14.4,,81,0.87,14.4,,81,1.75,81,2.07,81
1.25,36.5,531,22000,1147,52500,1.25,36.5,561,22000,1269,52500,0.1,14.5,,80,0.86,14.5,,80,2.04,80,1.82,80
1.32,36.5,581,22000,1397,52500,1.4,36.5,571,22000,1415,52500,0.09,14.6,,80,0.96,14.6,,80,2.16,80,1.87,80
1.3,36,648,21750,1355,51000,1.4,36,528,21750,1275,51000,0.08,14.4,,76,1.04,14.4,,76,2.31,76,2.19,76
1.38,37.5,606,22250,1242,52500,1.47,37.5,590,22250,1232,52500,0.16,14.8,,81,0.93,14.8,,81,2.22,81,1.82,81
1.38,37.5,567,22250,1443,52500,1.47,37.5,678,22250,1227,52500,0.16,14.8,,81,0.93,14.8,,81,2.22,81,1.82,81
1.42,36.5,600,22500,1197,54000,1.47,36.5,708,22500,1445,54000,0.15,14.4,,81,0.93,14.4,,81,2.36,81,1.8,81
1.55,37.5,600,22500,1197,54000,1.3,37.5,708,22500,1445,54000,0.18,14.8,,83,0.89,14.8,,83,2.17,83,1.9,83
1.45,37.5,650,22000,1290,53500,1.45,37.5,654,22000,1452,53500,0.12,14.8,,82,1.1,14.8,,82,2.46,82,2.02,82
1.45,37,588,21500,1357,52000,1.5,37,707,21500,1122,52000,0.16,14.4,,81,1.08,14.4,,81,2.21,81,2.4,81
1.55,38,654,21500,1405,53000,1.6,38,671,21500,1465,53000,0.17,14.5,,81,1.11,14.5,,81,2.08,82,2.64,82
1.77,37,621,21750,1281,52500,1.4,37,715,21750,1214,52500,0.24,14.5,,81,1.05,14.5,,81,2.09,82,2.87,82
1.8,36,652,21750,1173,50500,1.45,36,725,21750,1115,50500,0.26,14.5,,78,1.02,14.5,,78,2.02,78,2.23,78
1.73,35,655,21750,1307,52500,1.6,35,741,21750,1360,52500,0.2,14.5,,80,1.21,14.5,,80,2.28,80,2.07,80
1.74,35,726,21250,1325,54000,1.77,35,663,21250,1128,54000,0.25,14,,82,1.07,14,,82,2.28,82,2.06,82
1.9,36,735,21500,1111,53500,1.57,36,725,21500,1220,53500,0.3,14,,81,1.01,14,,81,2.91,80,1.82,80
2.1,36,705,22000,1418,54000,1.65,36,825,22000,1292,54000,0.23,14,,80,1.18,14,,80,2.53,80,2.04,80
2.17,36,705,22000,1418,54000,1.57,36,825,22000,1292,54000,0.26,14.5,,82,1.08,14.5,,82,2.63,82,1.98,82
2.15,36,712,22000,1278,54500,1.7,36,830,22000,1487,54500,0.27,14.5,,82,1.07,14.5,,82,2.67,82,2.07,82
1.95,37,821,22000,1326,55000,1.82,37,741,22000,1161,55000,0.35,14.5,,84,0.98,14.5,,84,2.24,84,2.25,84
2.05,37,761,22250,1349,55000,1.72,37,867,22250,1203,55000,0.35,14.5,,84,0.98,14.5,,84,2.24,84,2.25,84
2.22,36,810,21750,1356,56000,1.6,36,814,21750,1439,56000,0.25,14.5,,84,1.22,14.5,,84,2.66,84,1.97,84
1.05,38,520,21250,805,55500,1.07,38,413,21250,767,55500,0.33,14.5,,85,0.41,14.5,,85,1.52,85,1.64,85
1.05,37.5,520,21250,805,55500,1.07,37.5,413,21250,767,55500,0.33,14.4,,85,0.41,14.4,,85,1.52,85,1.64,85
1,37.5,513,21750,884,56000,1.17,37.5,502,21750,705,56000,0.34,14.5,,86,0.37,14.5,,86,1.58,86,1.49,86
1.32,36.5,493,21250,1023,56500,1.05,36.5,578,21250,896,56500,0.32,14.2,,86,0.47,14.2,,86,1.94,86,1.4,86
1.35,37,583,22500,1099,58000,1.12,37,596,22500,932,58000,0.44,14.5,,87,0.46,14.5,,87,2.25,87,1.61,87
1.66,37.5,583,22500,1099,58000,1.58,37.5,596,22500,932,58000,0.46,15,,89,0.43,15,,89,2.07,89,1.71,89
1.5,38,558,22500,924,58500,1.72,38,616,22500,1096,58500,0.5,15,,90,0.43,15,,90,2.15,90,1.6,90
1.65,37.5,595,22500,1108,57500,1.65,37.5,622,22500,981,57500,0.39,15,,87,0.56,15,,87,1.72,88,2.04,88
1.92,37,552,22250,1195,56500,1.6,37,638,22250,984,56500,0.39,15,,87,0.56,15,,87,1.72,88,2.04,88
1.92,37,562,22250,1189,56500,1.6,37,651,22250,1024,56500,0.39,15,,87,0.56,15,,87,1.72,88,2.04,88
1.92,38,696,22250,1019,56500,1.6,38,591,22250,1153,56500,0.45,15,,87,0.52,15,,87,2.58,86,1.53,86
1.84,39,604,22250,1738,57000,1.97,39,606,22250,1692,57000,0.34,15,,87,0.66,15,,87,2.67,86,1.48,86
1.8,39,779,22750,1920,56500,1.97,39,788,22750,1692,56500,0.6,15,,87,0.49,15,,87,2.74,86,1.73,86
1.9,39,857,22750,2010,56500,1.97,39,777,22750,1835,56500,0.7,15,,87,0.46,15,,87,2.82,86,1.81,86
1.75,38,860,22750,1858,57500,1.97,38,841,22750,2029,57500,0.61,15,,87,0.54,15,,87,2,88,2.47,88
2.22,37,886,23250,2025,58000,1.97,37,865,23250,2197,58000,0.51,15.5,,88,0.62,15.5,,88,2.56,88,2,88
1.95,36,649,22750,2199,58000,1.97,36,705,22750,2199,58000,0.54,15,,88,0.55,15,,88,2.33,88,2.22,88
1.8,36,606,22250,2251,59000,1.97,36,721,22250,2315,59000,0.58,14.5,,89,0.53,14.5,,89,1.97,90,2.53,90
2.05,35,575,21750,2549,59000,1.75,35,656,21750,2336,59000,0.7,14,,89,0.52,14,,89,2.12,90,2.51,90
1.77,35,699,21250,2450,59500,2.05,35,783,21250,2481,59500,0.65,13.5,,89,0.42,13.5,,89,2.18,90,2.48,90
1.87,35,873,20750,2323,60000,1.97,35,778,20750,2510,60000,0.59,13.5,,91,0.48,13.5,,91,3.18,90,1.9,90
1.94,35,873,20750,2323,60500,1.9,35,778,20750,2510,60500,0.53,13.5,,91,0.5,13.5,,91,2.97,90,1.98,90
1.85,34,892,20750,2506,60000,1.85,34,861,20750,2413,60000,0.53,13.5,,90,0.51,13.5,,90,2.85,90,2.14,90
1.02,34.5,454,20500,1201,59500,1.17,34.5,515,20500,968,59500,0.39,13.2,,90,0.31,13.2,,90,1.36,90,1.63,90
1.27,35.5,457,20500,1223,59500,1.13,35.5,514,20500,1018,59500,0.31,13.4,,90,0.39,13.4,,90,1.65,90,1.44,90
1.07,35,431,20500,1116,59500,1.2,35,526,20500,1228,59500,0.35,13.4,,90,0.36,13.4,,90,1.61,90,1.49,90
1.27,35.5,546,20750,1197,59000,1.15,35.5,492,20750,1196,59000,0.38,13.6,,90,0.33,13.6,,90,1.4,90,1.51,90
1.45,35.5,499,20500,1307,58500,1.15,35.5,557,20500,1295,58500,0.4,13.5,,89,0.29,13.5,,89,1.88,89,1.23,89
1.25,35.5,504,19750,1403,59000,1.37,35.5,475,19750,1457,59000,0.38,13,,89,0.41,13,,89,1.86,89,1.41,89
1.3,36,521,20000,1506,58500,1.32,36,479,20000,1542,58500,0.45,13.2,,90,0.37,13.2,,90,1.56,90,1.64,90
1.15,36,549,20000,1640,58500,1.45,36,474,20000,1590,58500,0.36,13.2,2.09,89,0.47,13.2,1.55,89,1.99,89,1.44,89
1.45,36,526,19750,1824,57500,1.3,36,463,19750,1686,57500,0.48,13,1.83,89,0.38,13,1.84,89,1.73,89,1.74,89
1.42,36,590,19750,1856,57000,1.38,36,467,19750,1686,57000,0.36,13,2.02,87,0.49,13,1.84,87,1.9,87,1.7,87
1.55,36,547,19750,1778,57500,1.42,36,557,19750,1918,57500,0.5,12.5,2.65,85,0.37,12.5,1.95,85,1.91,86,2.21,86
1.4,36,552,19750,1887,57000,1.6,36,569,19750,1851,57000,0.51,12.5,2.58,85,0.38,12.5,2.08,85,1.84,86,2.33,86
1.55,36,610,20000,1944,57000,1.67,36,634,20000,1854,57000,0.53,12.5,2.4,86,0.37,12.5,2.35,86,2.17,86,2.12,86
1.5,36,657,19750,1957,57000,1.75,36,558,19750,1889,57000,0.54,12.5,2.3,85,0.41,12.5,2.45,85,2.66,84,1.79,84
1.72,36,669,19750,1956,57000,1.63,36,549,19750,1935,57000,0.58,12.5,2.82,84,0.39,12.5,2.2,84,2.56,84,1.93,84
1.87,35,646,19750,2117,58000,1.7,35,629,19750,2047,58000,0.38,12.5,2.6,84,0.63,12.5,2.36,84,2.59,84,2.34,84
1.83,35,646,19750,2117,58000,1.5,35,629,19750,2047,58000,0.48,12.5,2.27,86,0.53,12.5,2.38,86,2.36,86,2.46,86
1.84,36,665,20000,2207,58000,1.68,36,737,20000,2024,58000,0.62,12.5,2.54,86,0.43,12.5,2.42,86,2.51,86,2.39,86
1.91,36,719,19750,2152,57500,1.67,36,684,19750,2073,57500,0.55,12.5,2.65,85,0.49,12.5,2.32,85,2.06,86,2.71,86
1.9,35,751,20000,2232,56500,1.75,35,690,20000,1992,56500,0.56,12.5,2.89,84,0.5,12.5,2.33,84,2.87,84,2.3,84
1.65,35,770,20250,2053,56500,1.95,35,889,20250,2235,56500,0.58,12.5,2.7,83,0.49,12.5,2.82,83,3.17,82,2.3,82
0.92,34.5,548,20750,960,55500,0.97,34.5,439,20750,1026,55500,0.29,12.8,1.7,83,0.32,12.8,1.41,83,1.68,83,1.39,83
1.02,33,567,20500,1062,56000,0.95,33,456,20500,1117,56000,0.29,12.6,1.82,85,0.32,12.6,2.02,85,1.4,85,1.61,85
1,33.5,560,20500,1183,55500,1.1,33.5,483,20500,1003,55500,0.26,12.8,1.95,84,0.39,12.8,1.55,84,1.76,84,1.36,84
1.15,33.5,497,20750,1148,55500,0.97,33.5,579,20750,1010,55500,0.36,12.6,2.05,84,0.3,12.6,1.99,84,1.58,84,1.51,84
1.33,33.5,602,20500,1162,55500,1.02,33.5,488,20500,1182,55500,0.4,12.6,1.98,85,0.32,12.6,1.94,85,1.75,85,1.7,85
1.02,32,504,20500,1231,54500,1.22,32,597,20500,1077,54500,0.43,12.5,1.99,84,0.32,12.5,1.97,84,1.8,84,1.77,84
1.08,33,602,20750,1163,55000,1.2,33,566,20750,1341,55000,0.43,12.8,2.01,83,0.31,12.8,2.16,83,1.79,83,1.93,83
1.15,33,673,20250,1119,55000,1.2,33,582,20250,1308,55000,0.35,12.5,2.38,82,0.4,12.5,1.85,82,2.2,82,1.66,82
1.6,31,671,20500,1357,55000,1.05,31,607,20500,1194,55000,0.52,12.5,2.05,83,0.33,12.5,2.29,83,1.98,83,2.2,83
1.6,31,660,21000,1374,54500,1.05,31,700,21000,1190,54500,0.52,12.5,2.25,82,0.33,12.5,2.29,82,2.09,82,2.09,82
2.1,34,729,21500,1215,54000,1.56,34,663,21500,1342,54000,0.44,12.5,2.38,80,0.49,12.5,2.14,80,2.29,80,2.05,80
1.72,34,729,21500,1215,54000,1.75,34,663,21500,1342,54000,0.54,13,2.64,80,0.38,13,1.98,80,2.56,80,1.88,80
1.85,34,778,22000,1209,55000,1.85,34,693,22000,1428,55000,0.59,13.5,2.72,82,0.37,13.5,2.09,82,2.52,82,1.86,82
2.2,33,734,21500,1376,54500,1.57,33,695,21500,1293,54500,0.6,13,2.51,82,0.39,13,2.35,82,2.27,82,2.09,82
2.02,33,693,21250,1381,54000,1.67,33,741,21250,1251,54000,0.47,13,2.44,82,0.55,13,2.24,82,2.42,82,2.2,82
1.82,33,755,22000,1496,55000,1.82,33,873,22000,1389,55000,0.45,13,2.44,81,0.58,13,2.44,81,2.96,80,1.95,80
1.88,34,755,22000,1496,55000,1.97,34,873,22000,1389,55000,0.43,13.5,2.44,83,0.59,13.5,2.42,83,2.92,82,1.88,82
2.23,34,829,22000,1367,55000,1.72,34,841,22000,1579,55000,0.53,13.5,2.55,83,0.5,13.5,2.39,83,3.12,82,1.94,82
2.15,34,856,21750,1561,54000,1.8,34,814,21750,1428,54000,0.46,13.5,2.81,81,0.63,13.5,2.29,81,2.25,82,2.71,82
1.93,34,851,21750,1521,53500,2.07,34,793,21750,1403,53500,0.58,13.5,2.76,81,0.54,13.5,2.52,81,3.25,80,2.01,80
1.45,33.5,542,22000,962,53500,1.32,33.5,600,22000,1059,53500,0.34,13.6,1.25,80,0.35,13.6,0.97,80,1.18,80,0.89,80
1.35,34,563,21500,1039,52500,1.52,34,560,21500,937,52500,0.3,13.4,1.51,79,0.42,13.4,1.02,79,1.38,79,0.89,79
1.35,32.5,619,21500,1030,52500,1.54,32.5,539,21500,1040,52500,0.49,13,1.14,79,0.29,13,1.45,79,0.99,79,1.3,79
1.4,33,533,21250,1220,52000,1.45,33,624,21250,1039,52000,0.44,12.8,1.31,78,0.35,12.8,1.32,78,1.2,78,1.18,78
1.57,33.5,675,21250,1207,52500,1.47,33.5,582,21250,1069,52500,0.47,13,1.43,79,0.39,13,1.45,79,1.27,79,1.29,79
1.48,32,646,21500,1132,52500,1.45,32,681,21500,1187,52500,0.43,13.2,1.54,79,0.41,13.2,1.42,79,1.44,79,1.3,79
1.42,31.5,683,21250,1355,52500,1.6,31.5,633,21250,1261,52500,0.4,13,1.79,78,0.45,13,1.67,78,1.52,78,1.39,78
1.55,30.5,664,21000,1204,52500,1.5,30.5,642,21000,1234,52500,0.39,12.8,1.83,78,0.45,12.8,1.7,78,1.53,78,1.39,78
1.5,31,666,21000,1349,52500,1.5,31,666,21000,1157,52500,0.34,13,1.78,78,0.42,13,1.5,78,1.68,78,1.37,78
1.5,31,729,21000,1173,52500,1.5,31,638,21000,1321,52500,0.34,13,1.53,79,0.42,13,1.78,79,2,78,1.24,78
1.6,31,653,20500,1276,52500,1.6,31,600,20500,1361,52500,0.35,12.5,1.62,78,0.42,12.5,1.88,78,1.57,78,1.82,78
1.4,30,585,20500,1187,52000,1.5,30,708,20500,1385,52000,0.4,12.5,2,77,0.41,12.5,1.72,77,1.45,78,2.15,78
1.4,30,742,20000,1720,52500,1.7,30,640,20000,1643,52500,0.46,12,2.15,77,0.37,12,1.99,77,2.5,76,1.33,76
1.32,30,680,20000,1731,52500,1.6,30,681,20000,1585,52500,0.43,12,2,78,0.4,12,2.23,78,1.77,78,1.98,78
1.57,30,649,20000,1717,52500,1.63,30,749,20000,1767,52500,0.38,12,2.41,77,0.51,12,1.82,77,1.85,78,2.24,78
1.6,30,756,20000,2255,52000,1.82,30,772,20000,2122,52000,0.47,12,2.14,77,0.44,12,2.3,77,2.66,76,1.79,76
1.65,30,765,20000,2369,51000,1.77,30,795,20000,2200,51000,0.49,12,2.78,75,0.42,12,2.21,75,2.15,76,2.55,76
1.8,29,605,19500,2097,51000,1.62,29,705,19500,2085,51000,0.53,11.5,2.48,75,0.4,11.5,2.54,75,3.06,74,2.1,74
1.88,29,962,19250,1960,51000,1.75,29,857,19250,1730,51000,0.57,11.5,3.02,74,0.38,11.5,2.42,74,2.9,74,2.28,74
1.7,29,962,19250,1960,51000,2,29,857,19250,1730,51000,0.42,11.5,2.84,74,0.48,11.5,2.4,74,2.86,74,2.41,74
1.77,27,913,19000,2142,50500,1.8,27,907,19000,1940,50500,0.46,11,2.8,73,0.45,11,2.8,73,3.3,72,2.29,72
1.67,28,628,18750,1018,50500,2.05,28,527,18750,1180,50500,0.62,11,2.9,72,0.4,11,3.08,72,2.78,72,2.94,72
1.07,27.5,628,18750,1018,50500,1.22,27.5,527,18750,1180,50500,0.32,11,2.38,71,0.29,11,1.81,71,1.79,72,2.01,72
1.07,27.5,628,18750,1018,50500,1.22,27.5,527,18750,1180,50500,0.32,11,2.38,71,0.29,11,1.81,71,1.79,72,2.01,72
1.2,28,628,18750,1018,50500,1.27,28,527,18750,1180,50500,0.32,10.8,1.94,72,0.29,10.8,2.19,72,1.79,72,2.01,72
1.55,27.5,590,18750,1099,49500,1.45,27.5,535,18750,990,49500,0.27,10.8,2.2,70,0.35,10.8,2.2,70,1.95,70,1.93,70
1.25,28,550,18750,1175,49000,1.52,28,582,18750,1024,49000,0.32,11,2.61,72,0.49,11,2.07,72,2.35,70,1.81,70
1.63,27,527,18750,1020,49000,1.4,27,575,18750,1038,49000,0.32,10.5,2.61,72,0.49,10.5,2.07,72,2.35,70,1.81,70
1.63,27,628,18750,1023,50000,1.4,27,558,18750,1165,50000,0.32,10.5,2.61,72,0.49,10.5,2.07,72,2.35,70,1.81,70
1.7,26,666,19000,1087,50500,1.22,26,638,19000,1322,50500,0.32,11,2.61,70,0.49,11,2.07,70,2.35,70,1.81,70
1.57,27,617,19250,1246,49000,1.3,27,638,19250,1225,49000,0.45,11,2.52,70,0.37,11,2.08,70,2.35,70,1.9,70
1.6,27,617,19250,1246,49000,1.25,27,638,19250,1225,49000,0.55,11,1.77,72,0.39,11,2.9,72,1.69,72,2.54,72
1.67,27,635,19000,1309,49500,1.35,27,627,19000,1469,49500,0.47,11,1.93,72,0.47,11,2.76,72,1.8,72,2.37,72
1.85,27,627,18750,1291,51000,1.24,27,750,18750,1508,51000,0.48,11,1.99,75,0.47,11,2.78,75,1.39,76,2.9,76
1.65,28,849,19250,1500,51000,1.62,28,770,19250,1433,51000,0.49,11,1.76,76,0.47,11,3.01,76,1.8,76,2.77,76
1.55,28,849,19250,1500,51000,1.52,28,770,19250,1433,51000,0.45,11.5,1.91,77,0.58,11.5,3.39,77,2.33,76,2.54,76
1.4,29,771,19500,1600,51500,1.7,29,780,19500,1800,51500,0.51,11.5,2.02,77,0.53,11.5,3.55,77,2.34,76,2.6,76
1.62,27,760,19750,1616,52500,1.55,27,804,19750,1848,52500,0.64,11.5,2.1,78,0.45,11.5,3.37,78,1.98,78,2.98,78
1.8,28,776,19750,1644,52000,1.77,28,871,19750,1794,52000,0.57,11.5,2.47,77,0.52,11.5,3.31,77,1.82,78,3.4,78
1.77,29,833,20000,1657,53000,1.95,29,860,20000,1684,53000,0.69,11.5,2.33,80,0.46,11.5,3.55,80,2.16,80,3.11,80
1.6,29,719,19750,1905,51500,1.9,29,827,19750,1803,51500,0.58,11.5,2.09,77,0.63,11.5,3.69,77,2.43,76,2.64,76
1.72,29,865,20000,1826,52500,1.95,29,816,20000,1801,52500,0.55,12,2.02,78,0.66,12,2.96,78,2.1,78,2.65,78
1.72,29,839,20250,1797,52000,1.95,29,844,20250,1547,52000,0.58,12,2.07,78,0.64,12,3.22,78,2.09,78,2.85,78
1.82,30,936,20500,1768,51000,1.8,30,998,20500,1844,51000,0.52,12.5,2.4,76,0.71,12.5,3.39,76,2.46,76,3.07,76
1.28,29.5,634,19500,1036,48000,1.27,29.5,747,19500,942,48000,0.52,11.8,1.75,73,0.45,11.8,2.6,73,1.85,73,2.3,73
1.45,29,691,19750,1196,47000,1.25,29,727,19750,1172,47000,0.54,11.8,1.42,72,0.44,11.8,3.12,72,1.53,72,2.83,72
1.27,30,726,19000,1128,46500,1.27,30,641,19000,1069,46500,0.44,11.6,1.9,70,0.6,11.6,3.05,70,2.22,70,2.96,70
1.35,29,684,19250,977,46500,1.27,29,742,19250,1204,46500,0.62,11.5,2.37,69,0.62,11.5,3.56,69,2.38,69,3.15,69
1.35,29,666,19000,1110,45500,1.38,29,737,19000,1025,45500,0.63,11.4,2.24,69,0.56,11.4,3.73,69,2.27,69,3.36,69
1.25,28.5,761,19750,1115,46000,1.55,28.5,672,19750,1089,46000,0.45,12.2,1.87,73,0.55,12.2,2.92,73,1.95,70,2.87,70
1.55,29.5,769,20000,1196,47500,1.52,29.5,720,20000,1167,47500,0.61,12.2,1.87,73,0.43,12.2,2.92,73,1.96,73,2.6,73
1.55,29.5,749,20000,1229,47500,1.52,29.5,817,20000,1224,47500,0.61,12.2,1.86,73,0.43,12.2,3.03,73,1.96,73,2.72,73
1.47,28,769,19500,1103,47500,1.55,28,805,19500,1225,47500,0.6,11.8,2.29,72,0.47,11.8,3.21,72,2.13,72,2.64,72
1.6,29,740,20000,1381,47500,1.45,29,827,20000,1157,47500,0.52,12.4,1.99,73,0.52,12.4,3.24,73,2,73,2.85,73
1.75,29,859,20000,1358,47500,1.42,29,772,20000,1193,47500,0.72,12,2.25,73,0.56,12,3.55,73,2.76,72,2.66,72
1.82,29,817,20250,1360,48000,1.45,29,934,20250,1278,48000,0.59,12.5,2.31,72,0.65,12.5,3.78,72,1.9,74,3.46,74
1.7,29,817,20000,1360,48000,1.62,29,934,20000,1278,48000,0.59,12,2.31,72,0.51,12,3.78,72,2.12,72,3.19,72
1.67,28,817,20000,1360,49000,1.65,28,934,20000,1278,49000,0.57,12,2.11,73,0.53,12,3.17,73,1.66,74,3.32,74
1.65,28,817,20000,1802,51000,1.72,28,934,20000,1878,51000,0.47,12,2.09,75,0.64,12,2.99,75,1.72,76,3.21,76
1.82,28,940,19750,1825,50500,1.5,28,944,19750,1946,50500,0.6,12,2.21,75,0.56,12,3.05,75,1.63,76,3.06,76
1.75,29,825,20500,1874,51000,1.67,29,894,20500,1932,51000,0.64,12.5,2.05,77,0.58,12.5,2.78,77,1.76,78,3.09,78
1.67,30,967,20250,1938,51000,1.92,30,859,20250,1813,51000,0.6,12.5,2.05,78,0.61,12.5,3.17,78,2.07,78,2.79,78
2.02,30,896,20000,1447,50000,1.82,30,935,20000,1416,50000,0.65,12.5,2.11,76,0.74,12.5,3.24,76,2.33,76,3.04,76
2.18,30,909,19500,1511,49000,1.88,30,979,19500,1384,49000,0.63,12.5,2.22,76,0.82,12.5,3.4,76,2.36,76,3.13,76
2.05,30,909,19500,1511,49000,2.17,30,979,19500,1384,49000,0.72,12,2.21,75,0.74,12,3.29,75,1.96,76,3.65,76
2.1,31,1010,19000,1307,49000,2.2,31,931,19000,1449,49000,0.62,12,2.41,75,0.82,12,3.33,75,2.18,76,3.7,76
1.55,30,591,19000,899,49000,1.3,30,491,19000,1066,49000,0.57,11.6,2.08,75,0.35,11.6,2.31,75,1.59,75,1.81,75
1.55,27.5,531,18750,846,47500,1.42,27.5,616,18750,1071,47500,0.45,11.5,2.11,73,0.45,11.5,2.05,73,1.81,73,1.74,73
1.65,27,586,18750,1073,48000,1.3,27,606,18750,908,48000,0.48,11.2,2.21,73,0.43,11.2,1.83,73,1.99,73,1.6,73
2.13,27,673,18250,929,48500,1.75,27,624,18250,1159,48500,0.46,11.2,2.31,74,0.54,11.2,2.51,74,1.62,74,1.81,74
1.92,27,607,19000,1122,49000,1.92,27,708,19000,1136,49000,0.49,11.6,1.87,75,0.49,11.6,1.67,75,1.85,75,1.64,75
1.92,26,600,19250,1154,49000,2,26,712,19250,1220,49000,0.63,11.5,1.86,75,0.42,11.5,1.76,75,1.86,75,1.74,75
2,27,738,18250,1185,47500,2.07,27,616,18250,1181,47500,0.46,11.4,2.02,73,0.59,11.4,2.17,73,1.76,73,1.9,73
2.22,27.5,701,18250,1008,46500,2.1,27.5,625,18250,1253,46500,0.52,11.4,2.27,71,0.62,11.4,1.76,71,1.55,71,2.3,71
2.2,27,621,18750,1106,46500,2.25,27,728,18750,1091,46500,0.52,11.5,2.17,71,0.62,11.5,1.93,71,1.55,72,2.3,72
2.8,29,794,19250,1089,47000,2.12,29,684,19250,1263,47000,0.53,12,2.1,71,0.61,12,1.91,71,1.57,72,2.36,72
2,36,756,19750,1142,47500,1.95,36,787,19750,1064,47500,0.7,12,2.49,73,0.49,12,2.37,73,2.64,72,1.51,72
1.9,36,891,19750,1171,48000,2.25,36,769,19750,1241,48000,0.49,12.5,2.5,73,0.7,12.5,1.96,73,1.96,74,2.4,74
2.3,33,885,19250,1348,47500,1.95,33,785,19250,1214,47500,0.56,12,2.44,73,0.64,12,2.73,73,2.58,72,1.87,72
2.05,33,944,19500,1247,48500,2.17,33,966,19500,1461,48500,0.56,12,2.51,73,0.69,12,2.55,73,2.81,72,1.84,72
2.08,32,890,18750,1539,48000,2.25,32,772,18750,1361,48000,0.57,11.5,2.92,72,0.61,11.5,2.36,72,2.63,72,2.06,72
2,32,841,19250,1585,49000,2.02,32,827,19250,1433,49000,0.67,11.5,2.76,73,0.53,11.5,2.11,73,2.14,74,2.48,74
2.3,33,726,19500,1281,50000,1.8,33,756,19500,1476,50000,0.51,12,2.46,75,0.72,12,2.56,75,2.85,74,1.94,74
2.3,33,950,19500,1331,50000,1.82,33,894,19500,1536,50000,0.5,12,2.42,75,0.73,12,2.66,75,2.79,74,2.02,74
2.25,32,898,19000,1520,50000,1.77,32,810,19000,1388,50000,0.64,11.5,2.93,75,0.62,11.5,2.58,75,2.14,76,2.77,76